{
  "metrics": {
    "total_return": -0.056813586365103474,
    "cagr": -0.19587422923064846,
    "annualized_return": -0.19587422923064846,
    "volatility": 0.2011139478190924,
    "downside_volatility": 0.12173434517323907,
    "max_drawdown": -0.1445684398076149,
    "drawdown_duration": 0,
    "var_95": -0.019231010104213443,
    "cvar_95": -0.025532708667872116,
    "sharpe_ratio": -0.9739465181541899,
    "sortino_ratio": -1.6090301299267808,
    "calmar_ratio": -1.3548892793704417
  },
  "portfolio_value": [
    1000000.0,
    999500.0,
    1020983.3814288847,
    1040855.2597947245,
    1031617.9616556381,
    1038169.7347261552,
    1037143.6803305667,
    1062654.988147677,
    1059209.2073003408,
    1071635.9459017066,
    1064083.0110879496,
    1051572.1244648902,
    1064232.6931356927,
    1043836.2224950673,
    1033210.4529692985,
    1029965.7664728428,
    1030642.1909003343,
    1030797.5879213361,
    1029213.0609950781,
    1045008.4968192923,
    1069840.5254072316,
    1052145.4722552695,
    1064470.9606289316,
    1055593.089863988,
    1049313.089097812,
    1029624.3656346899,
    1052513.1696791975,
    1038308.377058927,
    1031453.8035199654,
    1028318.7460267562,
    1022773.3209369407,
    1022702.5188011427,
    1026223.1427891029,
    1013819.3824762587,
    1025729.4583680343,
    1000859.5520236057,
    999062.8882925692,
    997079.2130641966,
    1001744.5823969941,
    1004311.1403878148,
    993169.4664918573,
    982970.4035495098,
    965075.483046621,
    961947.7340228327,
    950202.0747398927,
    940855.6530797088,
    942632.8300845332,
    943728.5626104218,
    951468.244273647,
    949822.8390477881,
    953402.0297732105,
    949716.6760799532,
    975228.5517105173,
    987137.4977917145,
    976291.7073484402,
    972182.8946801375,
    959757.4366244123,
    981422.2908684975,
    982397.8187979326,
    978504.7792785383,
    985273.6795080735,
    977007.5062546888,
    962501.1052683766,
    958271.8463475088,
    950547.8257397416,
    950813.5234779255,
    953864.7324460202,
    960016.9551473227,
    970746.464657049,
    982829.2794015955,
    969195.0065390804,
    982689.3608480592,
    964319.0462584958,
    969460.5961478064,
    949538.9093886046,
    946199.0324565931,
    969372.905074215,
    957198.2343847842,
    956413.2803963589,
    961301.1907152241,
    983283.473231165,
    978577.0330178489,
    973050.533479754,
    967641.3566248857,
    928652.3459703667,
    916711.2091609393,
    931225.7581704466,
    933700.7215615523,
    940032.4160829495,
    938817.4250849152,
    937018.2766361,
    955429.0306893053,
    933689.0951276519,
    934547.5682997877,
    940924.6149227251,
    922274.2786700858,
    934008.1707704184,
    945388.2073425553,
    935925.9707410528,
    943186.4136348969
  ],
  "dates": [
    "2020-01-01",
    "2020-01-02",
    "2020-01-03",
    "2020-01-04",
    "2020-01-05",
    "2020-01-06",
    "2020-01-07",
    "2020-01-08",
    "2020-01-09",
    "2020-01-10",
    "2020-01-11",
    "2020-01-12",
    "2020-01-13",
    "2020-01-14",
    "2020-01-15",
    "2020-01-16",
    "2020-01-17",
    "2020-01-18",
    "2020-01-19",
    "2020-01-20",
    "2020-01-21",
    "2020-01-22",
    "2020-01-23",
    "2020-01-24",
    "2020-01-25",
    "2020-01-26",
    "2020-01-27",
    "2020-01-28",
    "2020-01-29",
    "2020-01-30",
    "2020-01-31",
    "2020-02-01",
    "2020-02-02",
    "2020-02-03",
    "2020-02-04",
    "2020-02-05",
    "2020-02-06",
    "2020-02-07",
    "2020-02-08",
    "2020-02-09",
    "2020-02-10",
    "2020-02-11",
    "2020-02-12",
    "2020-02-13",
    "2020-02-14",
    "2020-02-15",
    "2020-02-16",
    "2020-02-17",
    "2020-02-18",
    "2020-02-19",
    "2020-02-20",
    "2020-02-21",
    "2020-02-22",
    "2020-02-23",
    "2020-02-24",
    "2020-02-25",
    "2020-02-26",
    "2020-02-27",
    "2020-02-28",
    "2020-02-29",
    "2020-03-01",
    "2020-03-02",
    "2020-03-03",
    "2020-03-04",
    "2020-03-05",
    "2020-03-06",
    "2020-03-07",
    "2020-03-08",
    "2020-03-09",
    "2020-03-10",
    "2020-03-11",
    "2020-03-12",
    "2020-03-13",
    "2020-03-14",
    "2020-03-15",
    "2020-03-16",
    "2020-03-17",
    "2020-03-18",
    "2020-03-19",
    "2020-03-20",
    "2020-03-21",
    "2020-03-22",
    "2020-03-23",
    "2020-03-24",
    "2020-03-25",
    "2020-03-26",
    "2020-03-27",
    "2020-03-28",
    "2020-03-29",
    "2020-03-30",
    "2020-03-31",
    "2020-04-01",
    "2020-04-02",
    "2020-04-03",
    "2020-04-04",
    "2020-04-05",
    "2020-04-06",
    "2020-04-07",
    "2020-04-08",
    "2020-04-09"
  ]
}